name,message
袁弘,恭喜新手爸妈上岗[心]闺女可是来治爹的呀，专治各种不服[偷笑][嘻嘻]
郭晓婷,[打call][打call][打call][打call][打call][打call][打call][打call][打call][打call][打call][打call]
每天都会睡饱饱,我操[疑问][疑问][疑问][疑问][疑问]
一念执着pt,老大 愿 你与你所爱之人 余生 平安喜乐 一念 会 支持你 http://t.cn/A69E1c9X
冻了一梨, “从此孤岛遇上孤岛，海陆相连，绵延万里”
盘子觉得好像星空哦,携全体胡椒祝福你哦哥 还要一年拍十部戏[心] http://t.cn/A69E1tn4
北緯有魚·,院子里种好胡椒了吗  以后要跟孩子说 这是你的宝贝[憧憬] http://t.cn/A69E1VRJ
小生洛格,挺好的，恭喜
起风了唯宥努力生存,彭于晏：？！？
古月椒盐,整个震惊我，正在看手机，还以为是营销号乱写[苦涩]果然老胡找的是圈外人[泪][苦涩][苦涩]一时半会我还有点懵，没有缓过来[苦涩][允悲]
奶茶戒糖中,先祝福哥哥，希望我们小公主健康成长。另外，胡歌，你现在是当爸爸的人了，一定要注意自己的拍戏播出频率，可不能和以前一样几年才播一部了，还没拍完的抓紧拍完，还没进组的赶紧进，还没上映的就去催一催，孩子奶粉钱不便宜啊。
小bin_bin_,卧槽！真的是突然的惊喜啊！恭喜胡歌喜得千金！胡歌啊，都有公主了是不是要赶紧多进几个组好好赚奶粉钱了？而且，除了我们的公主，你还有一大群胡椒等着你喂粮呢，我们也好久没粮吃了啊！再次恭喜胡歌喜得爱女！还有，速速进新组！！！
少年天斩九歌,卧槽 恭喜我胡找到幸福喜得千金 接下来快快进组吧 古装谍战悬疑都来吧一年十部剧不能少 多赚点奶粉钱[打call][打call][打call] 永远爱胡歌[心][心][心] http://t.cn/A69E1tgZ
奶油芋圆不加甜,恭喜老胡啊！！！！还好没当上吴磊伴郎（bushi）[doge]
兔软团,图片评论 http://t.cn/A69E1ioW
夏磊Leon,！！！！！恭喜老胡[鲜花][鲜花][鲜花][鲜花]
真的不能再喝了aaa,卧槽卧槽！！！！！[哆啦A梦害怕]
李艾,恭喜恭喜！
宝总在逃秘书,胡歌，你现在是当爸爸的人了，一定要注意自己的拍戏播出频率，可不能和以前一样几年才播一部了，还没拍完的比如《繁花》抓紧拍完，还没进组的赶紧进，还没上映的比如《驯鹿》《不虚此行》去催一催，孩子奶粉钱不便宜啊。
男德0,震惊了 http://t.cn/A69E1HWq
五菱汽车,[送花花][送花花]恭喜老胡，以后看谁还敢说小五家的车是单身座驾[doge]
古月哥欠-胡歌官网,#胡歌[超话]# 兔年来自老胡@胡歌 的第一条好消息！前路繁花似锦 风光正好 我们会继续陪伴你一起幸福下去～[心]
周杰伦_bot,我断网了[苦涩]
不知名烦死了选手,彭于晏该急了[吃惊]
歪梨诗包,恭喜老胡！一家人就是要整整齐齐[爱你] http://t.cn/A69EB6dZ
再吃一颗山竹,？？？？？？？？？？？？？？？？？？？？？？？？？？？？？？？？？？？？？？？？？？？？？？？？？？？？？？？？？？？？？？？？？？？？？？？？？？？？？？？？？？？？？？？？？？？？？？？？？？？？？？？？？？？？？！？！！？！？！！？？！！！！？？！！！！！！！！！！！！！！
7523027525_807,？？？？啥时候有的女朋友？？？
跟我谭恋爱,不是……没有人意难平吗[悲伤][悲伤][悲伤]
胡歌是人间理想,分点桃花运给我！！！！
月亮走了十公里,祝福你，我一直不知道这一天来临的时候是什么样的心情，你幸福开心是最美好的事情。
真的不能再喝了aaa,老婆是谁？？[哆啦A梦害怕][哆啦A梦害怕]
小皮潇,彭于晏：他不急 那我也不急[喵喵]
冯骏骅,啊啊啊啊！女儿！！！！
一只鸡拌一只鹅,我去[傻眼]
原来竟是柠檬百香郭,消息很突然  但还是恭喜[赢牛奶][赢牛奶][赢牛奶]
呈琰一定回成,一定要幸福啊！
嘿得闲饮茶,恭喜恭喜[赢牛奶]
男德0,彭于晏：瞒着我偷偷当爸了 http://t.cn/A69E13Tm
偷偷说_品相一般,恭喜恭喜
CENTER13,哇哇哇哇哇哇哇 恭喜恭喜恭喜老大[鼓掌][鼓掌][鼓掌] 找到了属于自己的这份甜蜜小幸福 小小胡也来啦还是个女儿 果然是份大礼 啊啊啊啊啊啊啊太太太激动了幸福感满满[打call][打call][打call]
Fire光明草,真好～[心]老胡的孩子是个兔宝宝哟[兔子]
-梁小凉,哇，恭喜胡先生，小小胡终于出生了[打call][打call][打call][心][心][心]
命-理-午戌轩,我去年有写过胡歌，终于在今年开花结果了，恭喜🎉
随便玩玩de,我靠
一念执着pt,老大 愿 你与你所爱之人 余生 平安喜乐 一念 会 支持你[作揖] http://t.cn/A69E1f3X
留苏巧克力,恭喜我哥喜提千金兔宝宝[doge]
吃维C了没,卧槽？什么时候结婚的
从始至终的平安,恭喜李逍遥！！！
晓雪,祝福[心]帅弟弟荣升帅爸爸，弟妹是个很好的女孩[心]
葫芦丝ig,哥，院子里种好胡椒了吗？以后要跟孩子说， 这是你的宝贝[憧憬]
还好violaz,啊啊啊啊啊啊你终于婚了 妻女相伴  “歌长有和鸣”  大喜大喜 恭喜恭囍 🎉🎊🌹((❤️⥎❤️))🌹 http://t.cn/A69E1CJB
七予亦,哇！铁树开花（bushi）老来得子(bushi) 恭喜老胡喜提人生新角色！！！[打call]
我向月神祈祷月神说你好,你连绯闻都没有[费解]
一笑朗然2000,[允悲][允悲]
若寒-不加班星人,恭喜恭喜！我胡有小棉袄了！！
豆豆日光倾城,要幸福[心][心][心]
秦茶ovo,我天，有点点难过，羡慕😭😭😭还是祝福，恭喜呀！一定要幸福～还有多多进组好吗！！进组！！！
易只肥猫m,恭喜🎊
微风起惊澜,我的天[打call]直接迈入下一阶段了[doge]祝老大幸福[心]
爱歌久久1126,诶诶，同志们，我们女性同胞们，当姑姑了，男同胞们当叔叔啦！！！[泪][泪][泪]好激动！
胡歌的摆渡贴心标签,#胡歌[超话]# 恭喜胡歌老师[打call][打call][打call]
食不食甜甜呀,男神奶爸[鲜花][鲜花][鲜花]
酸梅也很甜,啊啊啊恭喜胡歌 太幸福了 http://t.cn/A69E1JKW
醒时贪欢,浏览器推给我词条的时候我差点以为是UC骗人，有点突然但祝福啦！
就是南方姑娘,闷声干大事啊，白操心了哈哈哈
杨小敏不会化妆V,我哭了 谁懂
邪乎唉,祝福老胡，[打call][打call][打call]恭喜恭喜！终于呀[抱一抱][抱一抱][抱一抱]
谁敢言faker不行,一句话！祝福[太开心]
___Se7en-,啊卧槽 爷青结[泪]
爱吃酥脆小面包DAYTOY,以后彭于晏不能拿你当借口了[doge]
你不是山谷阿__,什么！
陈龙,一月初十 圆满[蛋糕]
扎西顿珠,[哈哈][哈哈][哈哈]恭喜哥迈入人生新阶段 我有属兔的小侄女了[嘻嘻]开心快乐[嘻嘻] 
风竹,彭于晏：[疑问][疑问][疑问][疑问]
Pluto14815,卧槽，恭喜我胡[鼓掌][鼓掌]
_大地上的异乡者_,恭喜老大喜得千金
斑马信条,恭喜！！！！！！啊啊啊啊啊！！！！！
天涯尽处是你啊,恭喜恭喜[心]
-Felicita,恭喜我的胡老大晋升爸爸了[哈哈]恭喜老大拥有自己的家庭和自己的女儿[兔子][团圆兔]
煊333666,啊啊啊啊啊啊啊啊，突然来个大惊喜，恭喜胡歌歌，宝宝好可爱，我们歌歌有娃了，好幸福啊啊啊啊啊啊
丿Nana丶,卧槽卧槽卧槽，老大！太突然了！！！我一直还担心你的个人问题呢，没想到！！要幸福哦！！！
RW侠不离,开心，终于得愿以偿了
田田_后会无期_,祝福胡歌
奔跑在瓜田的猹,恭喜老胡[求关注]
星星榨橙汁儿,打开这条微博就提醒我反诈骗[开学季]不是真的对吧 http://t.cn/A69EBqPW
王艺霖,恭喜哥！[打call][打call][打call][打call]
_歌聲販售機_,恭喜！！！！！！啊啊啊啊啊！！！！！
芜呷,很懵，但是恭喜恭喜，我老胡终于有着落了[泪]
玖熙拜拜,首先恭喜恭喜，其次哥哥就是咱可以出来工作了
米路灬,胡歌歌生了就是我生了，从此我要多一个女儿啦！祝福可爱的胡小宝贝健康快乐成长[抱一抱][抱一抱][抱一抱]胡歌歌也要记得多赚奶粉钱呀，一年至少三部戏[喵喵][喵喵][喵喵]
杨曙光律师,恭喜恭喜！为胡歌先生感到高兴！诚挚祝愿宝宝茁壮成长，健康快乐！
木声几夕,祝福哥哥❤️要一直幸福哦
RR-Augsol,@：/%-#+✘&（～）✔_[苦涩]
不二忆逍遥,恭喜胡歌老师，呜呜呜，从李逍遥到梅长苏到梅小歌，见证了你无数的经典角色，看着你飞天奖提名到白玉兰视帝金鹰视帝，作为你的粉丝真的很骄傲，恭喜你现在多了一个角色，那就是爸爸，请为你的小棉袄和粉丝带来更多更好的作品[爱你][爱你][爱你]
董金昊_Jeremy,祝福胡歌，早生贵子
卡淘小猫崽,恭喜老胡[打call][心]
独鴈,意不意外，惊不惊喜，刺不刺激！[doge]
一个屁名_,我操？？？？？
xyz精灵儿,老胡：恭喜恭喜！人生终于迈向新阶段！做个好丈夫，好爸爸！加油[心]！期待更多新作品[心]
一只九宝,？？？？？？
江津,这下没理由胡歌不结婚我不结婚了[泪][泪][泪][泪]
早上吃饭了吗-,恭喜胡歌，下面我去催彭于晏了[兔子]
五月河岸,祝贺你 祝贺你 祝贺你
pinewing,恭喜恭喜，一定要幸福[微风][微风][微风]
1717清歌牧昭昭,除了要种在后院里的胡椒宝贝又多了个宝贝！！歌！！幸福幸福呀[团圆兔][泪][抱一抱][抱一抱]
微笑的罗先生,压力给到彭于晏这边[doge]
小棉袄贴贴胡,恭喜老胡
行云天边,恭喜！！！
陌棉i,恭喜 恭喜，我也考虑结婚了，要跟胡歌同步
哈哈姚哈哈,彭于晏：？？？
电影人藤井树,哇塞，热烈祝贺，终于升级当爹啦[鲜花][鲜花][鲜花]
吾名璎璎,祝福！人生的道路又有新成员加入了！[送花花]
穿0号的松本稔,我丢啊…好突然…恭喜男神恭喜[允悲][加油]
胡歌你的赞为啥这么多,恭喜恭喜恭喜🎉🎉🎉[心][心][心]胡歌胡歌胡歌
枝意酱,恭喜恭喜！！！[奥特曼][奥特曼][奥特曼]
李赛博,恭喜恭喜[好喜欢]
某某爱喝奶茶,恭喜恭喜
会唱歌的胡萝卜22,很突然，但是很开心[抱一抱]要幸福哦[心]
當美女好煩唷,你啥时候结婚的！！！！！！
摯愛如歌_胡歌台灣粉絲團,恭喜老大賀喜老大[心][心][心]願大家都能給予@胡歌 更多私人的空間 一起保護胡嫂 保護老大最最最可愛的女兒[愛你] 老大一定一定要永遠幸福[鮮花]
奇国DE芋头--蕾,恭喜恭喜[心][心][鲜花][鲜花][鲜花]
哇哈哈哈1730,恭喜恭喜🎉
原本丶记忆的路线,恭喜胡老师[心]祝福家庭幸福美满  小小胡茁壮成长
每一天都想成为富婆,恭喜你老胡[哇]
LRCOK呦呦,恭喜啊，哥，新年快乐啊
刘姝宁Huge,恭喜恭喜[心]  终于等到你获得幸福了
LaFleurImmortelle小朵,祝福男神，好好过日子，好好幸福[团圆兔][团圆兔][心][心][鲜花][鲜花]
意大利德龙DeLonghi,恭喜#意大利德龙品牌代言人胡歌# 新晋帅气奶爸，寻觅生活点滴幸福，享受居家咖啡新乐趣。
和你去洛阳看烟花,谢谢你，老胡，希望幸福永远伴随你！
火囍火,[心][心][心][泪][泪][泪][心][心][心][泪][泪][泪][心][心][心][心][心][心][心][心][心][心][心][心][心][心][心][心][心][心][抱抱][抱抱]
罗兰小柯6120,恭喜
CATS920,卧槽卧槽卧槽
Anonymous-boy,恭喜老胡～
瓜皮鸡柳,恭喜[送花花]
星光大海lg,恭喜
若寒-不加班星人,啊啊啊啊啊啊啊啊啊恭喜恭喜！是不是要一年十部戏赚奶粉钱了
星空电台Hugo,恭喜恭喜恭喜恭喜恭喜恭喜恭喜恭喜恭喜恭喜恭喜[打call][打call][打call][打call][打call]
古月云歌,#胡歌# 恭喜老胡喜提千金 [哇][哇][哇][打call][打call][打call]
龏瑺,恭喜恭喜，虽然很震惊，但是又不太意外，毕竟是老胡呀！正常
被遗忘在2014的人,以他风格，一点不感觉意外[笑cry]。恭喜恭喜[作揖]
蓝胖子冯,恭喜恭喜
柯之妻,知道你终于成家当爸爸了之后  为你感到高兴和满足 祝你幸福 歌💙💙💙
leftshinnydimple,唯有祝福[泪][心]
你的钢妹,祝福祝福！
大花狸哈哈哈,[鲜花][鲜花][鲜花][心][心][音乐][音乐][喵喵][喵喵][干杯][干杯]恭喜胡歌，为你祝福，永远幸福快乐@胡歌
玖熙拜拜,恭喜恭喜
7和人鱼,要幸福啊
Kelly_徐徐,恭喜你
橘子呼叫橙子,恭喜老大升级奶爸[打call][打call][打call]
AnNDreamer,这也太突然了……恭喜
执梓梓之手的路飞,卧槽[疑问]
座座座头鲸吖,恭喜恭喜[打call]
五菱汽车,普天同庆[送花花]，小五反手随一台宝宝巴士http://t.cn/A69Ekb2w
火神爷夏伯渝,恭喜胡歌老师
馨雨朦朦qd,恭喜🎉恭喜@胡歌
弗朗西斯的津威呢,恭喜恭喜啊老胡，保密工作做得真好，男粉要哭了啊[泪]
Bella六月雨,接着电话手机收到特别关注推送，愣住了……一开始以为是帮朋友宣传电影，这会心情很复杂，失落但又想祝福……
Sinry7,我去！！！太爆炸了[哆啦A梦害怕][哆啦A梦害怕][哆啦A梦害怕][哆啦A梦害怕][哆啦A梦害怕][哆啦A梦害怕][哆啦A梦害怕][哆啦A梦害怕][哆啦A梦害怕][哆啦A梦害怕][哆啦A梦害怕]
被星星砸昏头的小短腿,[doge]胡歌的保密工作好严谨，连粉丝都不知道
忔囍,我们没有等来老大结婚的热搜，但是我们等来了老大的宝贝[打call][打call][打call]
月半西子,哇!恭喜逍遥哥哥~~
馨雨朦朦qd,新春大礼@胡歌
大爱子陵1314,不管怎么样还是支持你
我向月神祈祷月神说你好,什么啊[费解]真的吗我不信
emmm-aoliao,WC！！！！！！！！！！！！！！！！！！！！！！！！！！！！！！！！！！！！！！！！！！！！！！！！！！！！祝福我歌！！！！！！！！！！！！！！！！！！！！！！！！！！！太震惊我了！！！！！！！！！！！！！！！！！！
今晚也要和你呼呼,祝福老胡
还不来快快降落降落这恒温星球,哇！恭喜胡哥喜得千金，祝哥嫂宝宝幸福开心每一天🥳
粉丝头条官方微博,恭喜！恭喜！
小篇章,恭喜我歌~要幸福！[心]
馨雨朦朦qd,这是新春佳节送给我们的大礼@胡歌
肖悦鑫,我去，恭喜
kris心芯茹,[打call][打call][打call][打call]
Kevenlist,恭喜老胡！！[开学季]
書与Jairo,卧槽，祝福歌哥[心]
Kevin周可人,太开心了，我哥一家都一辈子幸福！
槑槑很呆呆,真好！世界上又多了一个爱你的人[送花花][送花花][抱一抱][抱一抱][抱一抱][抱一抱]
就想安静睡会儿,卧槽！你
郑淼淼miaomiao,恭喜！
XXIbaby,祝福哥哥[抱一抱]
Coconut_如歌_Pineapple,终于啊，十几年了终于等来了你的好消息，怎么说呢，先震惊然后难受最后祝福[鲜花]你老大不小了，有家了，我放心了[单身狗][单身狗][单身狗][单身狗] http://t.cn/A69EBtoA
笛里梅音,我的网怎么滞后了[允悲][允悲]
我是薛凉,卧槽，刚给我推送我以为调侃[二哈]
周彦呈,恭喜我哥@胡歌 喜得千金，真真儿的为你开心
荞麦chen,哇！！！恭喜！！
城七,彭于晏结婚了吗，没有的话我接着不着急[doge]
曹宝宝三岁耶-,恭喜男神🎊🎉🎉🎉🎉
墨西哥味煎饼,卧槽？
崽咪果-,我的妈啊，恭喜
巴南,恭喜胡歌  幸福一家人[心]
胡歌美学收藏家,卧槽！！！！！！！！！
活到老看帅哥到老捏,恭喜恭喜，恭恭喜喜！
我没有吉他就唱不出歌-,恭喜恭喜
随随随便辣,祝福
哪吒三太子--,恭喜老大！！！！！！！
耽在年轮的光阴,恭喜恭喜！
Ssi丶Da,666[2023]
BigTree先森,[心][心][心]
烤红薯_Lai,我失恋了 不过还是恭喜恭喜
酒后遛鹅少女,[羞嗒嗒]要幸福呀！
养狗勾是终生理想,卧槽 崩了[哆啦A梦吃惊][哆啦A梦吃惊]
快乐剧粉,恭喜恭喜
月白0401墙头草,恭喜恭喜！要幸福！！！
夜昼Realkill,恭喜！一直爱你！永远爱你！
没有史努比的夏天,小棉袄降临！
X-九千七,卧槽卧槽，什么情况
彭砰嘭胖,祝福 要幸福呀
MINGQINli,恭喜老胡喜得千金🎉要一直幸福下去[doge]
AsukaShin1386,陪伴我长大的老胡！我第一个网名就叫胡椒粉！祝福！[鼓掌][鼓掌][鼓掌]
就是个富婆哈哈哈,恭喜！然后这边压力给到彭于晏！[兔子]
心念你好,支持胡歌[太开心]
Brianvvviii,糟糕，胡歌急了，彭于晏估计也要急，那我不得也要急了。
小林爱吃烧烤,我焯 男神都有娃了[泪][泪][泪]
笙辰歌,啊？？？？！！！！！
末了齋主i,恭喜恭喜！
潇湘妃子的喵喵小天使,恭喜@胡歌 [心][心][心][心][心][心][心]
猪正经,祝福！[2023]今天是个好日子，祝福老胡及家人未来顺遂，平安[好运福灵剂]
余沛杉,恭喜哥哥[爱你][爱你][爱你]
新浪电视,恭喜恭喜！
康康这是谁的小可爱,🎉恭喜老大，贺喜老大🎉 欢迎小公主！[打call][打call][打call]
酸酸柠檬甜甜圈,祝福老大 喜提兔宝[锦鲤附体]
一晓而过,恭喜我老胡，不容易啊[允悲]
霖耕绿,恭喜老大[好爱哦][好爱哦]
我有点懵圈,恭喜老大！！！！[心]
kid浩然,恭喜恭喜
无线线线线线网吖,恭喜！！！！！
Pisces_玲妞,[哇][哇]恭喜恭喜[哇][哇]
我真服进了,恭喜恭喜我胡哥
笛里梅音,这个新年大礼我喜欢，不过最重要的是赶紧挣钱养家多多拍戏[笑而不语] http://t.cn/A69EBSSm
斯尉特,彭于晏不急我也不急，现在我就看彭于晏态度了[喵喵]
-PsyP-,震惊之余更多是对偶像的祝福🙏
Jerry-橘子,恭喜恭喜[喜]
胡歌的小迷妹0806,是我是我
回头吓人66723,恭喜🎉
周末守望者,恭喜[泪][泪][泪]
ff_长岛冰茶,恭喜恭喜，彭于晏在家瑟瑟发抖……
关外野店小二,恭喜老大
啵啵开心肖肖乐,恭喜恭喜！！！
许是古月许是木叔,百感交集 千言万语 只能化成一句 恭喜老大
花酒水茶,很突然，有点震惊，但更多的想说恭喜！！！！！！！
曼曼也可,想了好久不知道说些什么[苦涩]，恭喜老胡，恭喜我歌[喜]
JIMMYYIP_夏日,恭喜恭喜[哇][哇]
沐浴sunshine的小橙子,是可可爱爱的兔宝宝啊[抱一抱]恭喜老胡～[赞啊]
啊wu专业啃大饼呢,恭喜喜得千金！要幸福呀
JYHWhisper小五,恭喜
念w念,恭喜恭喜[爱你]幸福平安
欠揍跳跳蛙,惊呆了！老铁！[跪了]
瑀曉彤,恭喜 [贊啊]祝福胡歌及家人女兒身體健康 平安
gapQAQ,我叼
幻想系庄子睇报纸,恭喜你老胡🎉
popynicole90997,恭喜🎉
沈达威,[爱你][爱你][爱你]恭喜老胡升级 
倪宝的小猪仔,恭喜胡歌[打call][打call]
王燕华EVA,恭喜🎉
MtututuM,恭喜🎉
姜山多椒u,#胡歌涨粉近70万# 
每天五杯咖啡,恭喜啊！！！
txj181031,恭喜胡歌
忧离--锦,我惊了
葱葱冲8,老大要幸福呀，祝福你们[心]小阔爱快快长大，一定颜值好高
梦见呼噜噜,恭喜老胡[泪][泪][泪][泪]
q_江南,老胡 怎么这么低调
你的微笑浅浅,恭喜老大
古月戀上歌,啊啊啊啊啊啊啊恭喜老胡！！！
47kar-,卧槽 你有妻女挺好的 但是 也太突然了啊[笑cry]
Sean_1220,祝福
终难望,爷青结了！！！
姜泗钰,恭喜
琛QIM,恭喜老胡达成了新的人生目标[打call][打call]
豆沙包吃两个,首先是恭喜，然后是缓缓，最后是祝福[干杯]
你比草莓可爱,以后不能自称胡歌老婆了[苦涩][苦涩][苦涩]老大要幸福啊
旧梦浅霜,恭喜
iceblue908-,OOOOO that’s why這個是嗎？@胡歌  你也太保密了[哆啦A夢微笑][哆啦A夢微笑]恭喜🎈🎈🎉🎊 http://t.cn/A69EB249
DamJie-,牛啊牛啊[并不简单]
而什刹海已醒来,谁能告诉我孩子他妈是谁
暗香幽幽08,恭喜，恭喜，一切都是最好的安排！
珠珠珠珠Lin,满满祝福！！找到幸福、喜得千金[送花花][送花花][送花花]
邦元私募,恭喜胡歌！胡辣汤们终于放心了！
没事吃点薯条,nb[good]
爺爺爺爺来也,恭喜逍遥哥哥[心]
是夕夕的熙_evil,恭喜我歌当爸爸啦！期待更好的作品！
六六凌Yi,[打call][打call][打call][打call]恭喜恭喜！！！
扎扎545,恭喜恭喜[心]
酸梅也很甜,啊啊啊啊啊啊啊啊啊啊啊啊啊我胡有小公主了👸🏻
为你心海沉浮,恭喜我胡迎来人生的新阶段[爱你]
叭叭叭叭叭叭叭叭叭叭叭个啥_,[爱你][爱你][爱你][爱你]祝福，粉了十多年了，老大也该结婚了，这下好了，也不用我们催婚催生了[悲伤][悲伤][悲伤]孩子长大了
壮士你有喜了_,恭喜恭喜！我还是不着急！彭于晏还没结婚呢
用过都说爽,恭喜恭喜
午觉椰,卧槽
番烂茄不烂,恭喜哥[羞嗒嗒]
fanfansleepearly,恭喜
keniano,恭喜恭喜
余音不绝自在我心,祝你全家元宵快乐和和美美阿新晋奶爸，
_霏哥_,闷声干大事
改名会好运,这叫闷声干大事[并不简单]
綸語徵昩,恭喜老胡[泪]！！！！！
信仰_202209,终于有小胡了，撒花[打call][打call][打call][打call][打call]
好家伙泪,话说之前有个采访你喝酒抽烟那会你说抽烟没那么大的决心要戒烟，为了女儿会戒烟吗？还是就不在家里抽烟不让孩子吸二手烟
Grape-cat2,不是刘亦菲[允悲][允悲][允悲]
楠卿365,彭于晏急了[doge]
逍遥0920,晚安老胡@胡歌 [月亮][月亮][月亮]愿平安喜乐万事顺遂@胡歌 [羞嗒嗒][羞嗒嗒][羞嗒嗒]
可心女王_,哈哈
小西瓜不甜Hz,我心目中的男人该有的样子
黄永ove,歌哥给了大家一个惊吓
晔hhhhhjhhhghhh,轉發微博
唯zyf不可辜负,恭喜恭喜[打call]
七分醉三分醒200410,喜欢你这么多年，终于等来了。评论虽然慢了点但不重要，恭喜恭喜[打call]
My钟意意,那就恭喜童年男神啦[打call][打call][打call]
貓貓囍歡吻鮮埖,祝福
快手仙王,我靠，这么快？我还以为胡歌单身[允悲][允悲][允悲]唉，太难了
今天是爱胡歌的一天,老胡我也要结婚啦！知道你没空来！有空的话给我个祝福吧[心] 今天也是爱胡歌的一天[打call]
ymsh011,恭喜🎉
少年不戴花5555,你居然当爹了！！！！！！[泪]
·长情·,恭喜
natalie0310,小茉莉公主六一儿童节快乐[心]
孙汝稳,恭喜[打call]
宁馨YOYO,[打call][打call][打call]老大，恭喜恭喜新晋职称，奶爸一枚。我也新晋了一枚职称，妈妈。[打call][打call][打call]
bangsbhn,他老婆既然福建南平浦城[耶][耶][耶]
鑫机胖儿,时至今日，还是难以置信[允悲]
七月树荫,老大终于[泪] 真好  要幸福哦老大
山海皆来客,[doge][doge]
MENG_Fanx,恭喜恭喜🎉🎉🎉🎉
逍遥0920,晚安老胡[月亮][月亮][月亮]@胡歌
新晴LL,开心
仙女竟是自己,[太阳][太阳]
小小的事情要做好,恭喜
我是一只小小侠,恭喜恭喜🎉
你好胡歌,茉莉呀
柠檬起司团,[彩虹屁]
小蜗牛儿hihihi,图片评论 http://t.cn/A6pw7qYe
新晴LL,[打call]
hgmcs,恭喜恭喜，升级奶爸@胡歌
牟牟胡,晚安胡爸爸[爱你]
仙女竟是自己,[鲜花][鲜花][鲜花]
螺蛳粉的熙熙,恭喜恭喜[心]
EASYMONEY711,那刘亦菲是我的了[doge]
新晴LL,小茉莉健康快乐成长
A口可口可,我们男士怎么办嘛[允悲]
大约相遇是在冬季,恭喜🎊
hgmcs,小茉莉奶爸在哪里？是在国内还是法国啊！保密局本局的就是你[good]
1Li9n2Xi41ao,到现在还是没缓过来💥💥💥喜欢老胡从蒲公英到官宣当爸爸后娃娃的娘竟然是那个黄。。
叫我a娇,必须的长得像你 我们才安心
ariatianforever,又来看这条微博了嘿嘿，喜欢老大有10几年了，1月并没有评论，现在返回来想送上我真诚的祝福。看到那些说意难平的可能是为自己或者为别的什么，但是我1月看到这条消息的时候除了感叹就是开心，真的非常高兴哥能找到自己爱的人并且结婚生女了，做哥的女儿肯定很幸福，胡歌老大，一定要狠狠幸福下去！
吴家胡歌,520
1头无忧无虑的猪,恭喜恭喜  [打call][打call][打call]
新晴LL,[打call][打call][打call]
紫云Music,怎么可以背着彭于晏偷偷结婚呢[doge]
qiutian02,我的天啊，真是大惊喜啊，不过，恭喜恭喜啊[心]
胡作菲为2023,胡老大要一直幸福快乐下去，18年的遥灵粉，歌菲党，比女神提前步入下一个阶段恭喜[给力]。彭于晏还没结婚，我也不着急，暂存我的幸福，等我娶妻生子我要大声告诉他这是爸爸的青春童年，永远的男神[嘻嘻]
给我多加香菜-,到底什么样的人能嫁给胡歌[泪][泪][泪]
七分醉Kkkkkkkk,彭于晏哭晕在厕所
我的疯子郑容和,老胡 我以为我可以嫁给你的，没想到我等来的是你结婚了[泪]
zxt赵晓彤,爱你哦
天霸乆儿,哥 因为你这条微博 我把微博又下载回来了[doge]
蒲不住,[泪][泪][泪]
Dreamgirl-c,恭喜恭喜恭喜恭喜恭喜[打call][打call]
酒暖风清ABC,恭喜老胡啦
呗关的产物,恭喜恭喜，有人编“岁岁年年都是你”我觉得挺像你的口吻，来找出处的[允悲]。 从仙剑奇侠传一直喜欢你，我发现身边很多男生也特别喜欢你，把你当做头像[打call]。恭祝男神偶像阖家幸福，永远安康快乐[心]
陌子言520,老胡，恭喜，平安喜乐，幸福久久。
不长肉的瘦子哦,我不着急 彭于晏还没结婚呢[二哈]
只唱老歌,恭喜恭喜呀[打call]
等一千零一夜-,晚安[心]
滚滚滚滚滚201709,胡歌我爱你[doge]
英英是英英酱呐,恭喜🎉🎉🎉
努力拼搏的刘伟,老大[赞][赞][给力][给力]
光明县村口蘑菇头,春天温柔了九州山河，而你温柔了春天@胡歌
陈妍Renee,过去这么久了，胡歌老婆是圈外人，我等于圈外人，胡歌老婆等于我。[泪][泪][泪][泪]我真的做梦梦到过嫁给胡歌了，虽然我是两个孩子的妈妈了。不影响我移情别恋。
云奚yyan,天  你把你的妻女保护得好好[泪]恭喜[打call]
光明县村口蘑菇头,老大快出来[送花花]
凌晨5点多睡不着改的微博名,恭喜恭喜
yydd想见你,[爱你]恭喜老胡当爸爸
师尊代名词沐玄音,图片评论 http://t.cn/A6NmyZHR
SMJ听书人,[打call][打call]
我爱吃油炸淀粉肠,逍遥哥哥[泪]恭喜恭喜
我不想你知道我的微博名字,恭喜老胡！！！[心]
我不想你知道我的微博名字,恭喜恭喜🎉
慢慢的源哥哥丶,恭喜恭喜永远幸福
unless安乐死,cp被蒸煮手撕，内心是失落的，但还是祝福，毕竟从初中到崽三岁，爱了一整个青春[泪][泪][泪]
RomaryLxy,我女儿也是茉莉的茉[哈哈][哈哈][哈哈]
hgmcs,小茉莉的爸爸估计醒了吧，因为小茉莉不让你睡懒觉吧[哈哈][哈哈]
澜汐悦200,恭喜  老大
超喜欢吃蛋糕面包饼干巧克力,胡歌2023年发的第5条微博 http://t.cn/A6NQPrua
骨科小师妹,[泪]听到你的歌 瞬间就想到你这条微博了
爱吃菠萝蜜-,我胡啊 [心][心][心][心][心][心]
赢璃8023,[友幸][友幸][友幸][打call][打call][打call]
光明县村口蘑菇头,老大，好想你啊[哇]
逍遥0920,老胡的小茉莉百天啦[送花花][送花花][送花花]，晚安老胡[月亮][月亮][月亮]@胡歌
大花狸哈哈哈,祝福小公主宝宝生日快乐，健康成长！[鲜花][鲜花][鲜花][心][心][喵喵][喵喵][蛋糕][蛋糕][干杯][干杯][音乐][音乐]
tina_920icz,㊗小茉莉健康快乐成长[抱一抱][抱一抱][抱一抱]
Peck林从,期待你的作品
Peck林从,小茉莉百日快乐[彩虹屁]
哪吒他爹李静,突然不喜欢你了[允悲]
光明县村口蘑菇头,小茉莉百日快乐哦！[哇]
人生若梦forever,小公主百日啦
爱之梦你的样子,🎉🎉小公主百日快乐！快快乐乐茁壮成长每一天！🎉🎉
胡同小巷里的喵喵,早安[心]
胡歌的老婆哟,老公 愿 你与你所爱之人 余生 平安喜乐 [爱你]
胡同小巷里的喵喵,晚安[心]好梦[心]
檐角的猫不吃鱼,[报税][报税][报税]预祝一个儿孙满堂[举杠铃][举杠铃][举杠铃]
蓝皮鼠和大脸猫v,从06年一直喜欢你，喜欢你16年了！
光明县村口蘑菇头,你是我白开水一样淡的日子里偷偷加的一块糖@胡歌
小彭上岸吧,预约一下综艺：爸爸去哪儿，爸爸回来啦[二哈][二哈][二哈]
我是丁丁k,恭喜恭喜[打call]
shirkty,恭喜恭喜
水逆退散吧会飞的兔子精,多拍剧啊，哥哥[作揖]
光明县村口蘑菇头,云端之上，你柔软的像风，花海深处，你温暖的像阳@胡歌
罗曼天明星,祝你一切安好！
Aaa苏皖沫,恭喜
金金mylove,爱你[心]
胡同小巷里的喵喵,[爱你][爱你]
桃跑小哭包,[爱你]
光明县村口蘑菇头,早安@胡歌 ，今天有没有陪小公主啊[哇]
赢璃8023,早上好 老大 祝我生日快乐[友幸]
老胡家的儿童,老胡多多营业哦赚奶粉钱
海绵宝宝的好朋友默,愿你所爱之人，余生平安喜乐
幸-小乖,就是传说中的胡嫂不怎么样 可惜了 神仙姐姐才配得上你 小助理太倒架子了 哥
竹松林D,和我的铁牛差不多时候出生呀
SITUMO2006,恭喜胡歌[打call][打call]
Linneuy,恭喜
g微得不像话,彭于晏：你们演我，说不结婚就我当真了[笑cry]
芋圆1983,祝福逍遥哥哥，也给我的青春画上了序幕
一颗橙橘丶,今天再来说一遍，老大，恭喜！！希望你永远幸福！
橘柚qian,[打call]
守护天使1717,天使环绕，让人很安心！[心][心]
守护天使1717,宝宝:惟愿你永远幸福甜蜜！[抱一抱][抱一抱]
超喜欢吃蛋糕面包饼干巧克力,胡歌胡歌
Akaya_9,迟来的恭喜🎉
车靖越,恭喜
月ye兔_,偷偷生个娃，然后惊艳所有人
Stickwithyourself,喜欢了14年的胡歌，祝你幸福
韩涵吖-,新粉报道
简JIAN-,歌歌[送花花]
打哈蒨,[打call][打call][打call]
雪痕70577,这可真是盖了帽了我的老北鼻
胡同小巷里的喵喵,愿你永远幸福快乐[心]
